,prop,subevent,role,causation,AMR,MRR,H@1,H@3,H@5,H@10,exp_count,method,td,syntax
11,1.0,0.0,0.0,1.0,0.0382959053965563,0.2907272983325443,0.1883561643835616,0.3356164383561644,0.386986301369863,0.4589041095890411,48,ILP,simple-triple+text+hr-triple,hyper_relational_rdf_star
43,0.0,1.0,0.0,1.0,0.0653146437547561,0.2535391203876059,0.1495633187772925,0.2882096069868995,0.3580786026200873,0.4334061135371179,48,ILP,simple-triple+text+hr-triple,hyper_relational_rdf_star
92,0.0,0.0,0.0,1.0,0.090256936861364,0.2323071537772437,0.136986301369863,0.2705479452054795,0.3082191780821918,0.4041095890410959,48,ILP,simple-triple+text+hr-triple,hyper_relational_rdf_star
113,1.0,1.0,0.0,1.0,0.0321599948931723,0.3201215101824195,0.2412663755458515,0.3351528384279476,0.388646288209607,0.4803493449781659,48,ILP,simple-triple+text+hr-triple,hyper_relational_rdf_star
